epoch,step,train_loss
49,49,0.0031765513122081757
99,99,0.0009997310116887093
149,149,0.0007163303671404719
